competence,n,base_k,base_n,base_taux,base_bas,base_haut,base_rag_k,base_rag_n,base_rag_taux,base_rag_bas,base_rag_haut,lora_k,lora_n,lora_taux,lora_bas,lora_haut,lora_rag_k,lora_rag_n,lora_rag_taux,lora_rag_bas,lora_rag_haut,frontiere_k,frontiere_n,frontiere_taux,frontiere_bas,frontiere_haut,frontiere_rag_k,frontiere_rag_n,frontiere_rag_taux,frontiere_rag_bas,frontiere_rag_haut,verdict,motif
C1,0,,,,,,,,,,,,,,,,,,,,,,,,,,,,,,,non mesuré,LoRA + RAG ou base + RAG non mesurée
C2,0,,,,,,,,,,,,,,,,,,,,,,,,,,,,,,,non mesuré,LoRA + RAG ou base + RAG non mesurée
S1,50,25,50,0.5000,0.3664,0.6336,30,50,0.6000,0.4618,0.7239,40,50,0.8000,0.6696,0.8876,44,50,0.8800,0.7620,0.9438,,,,,,,,,,,égalité,"gain sur base + RAG, mais frontière non mesurée : victoire non établie"
S2,50,30,50,0.6000,0.4618,0.7239,35,50,0.7000,0.5625,0.8090,15,50,0.3000,0.1910,0.4375,18,50,0.3600,0.2414,0.4986,41,50,0.8200,0.6920,0.9023,44,50,0.8800,0.7620,0.9438,défaite,LoRA + RAG sous base + RAG au-delà de l'intervalle
S3,0,,,,,,,,,,,,,,,,,,,,,,,,,,,,,,,non mesuré,LoRA + RAG ou base + RAG non mesurée
K1,50,30,50,0.6000,0.4618,0.7239,32,50,0.6400,0.5014,0.7586,33,50,0.6600,0.5215,0.7756,35,50,0.7000,0.5625,0.8090,38,50,0.7600,0.6259,0.8570,40,50,0.8000,0.6696,0.8876,égalité,intervalles qui se chevauchent : pas de gain au-delà de l'intervalle
K2,50,12,50,0.2400,0.1430,0.3741,14,50,0.2800,0.1747,0.4167,20,50,0.4000,0.2761,0.5382,22,50,0.4400,0.3116,0.5769,,,,,,,,,,,égalité,intervalles qui se chevauchent : pas de gain au-delà de l'intervalle
K3,50,18,50,0.3600,0.2414,0.4986,20,50,0.4000,0.2761,0.5382,31,50,0.6200,0.4815,0.7414,34,50,0.6800,0.5419,0.7924,,,,,,,,,,,égalité,"gain sur base + RAG, mais frontière non mesurée : victoire non établie"
K4,0,,,,,,,,,,,,,,,,,,,,,,,,,,,,,,,non mesuré,LoRA + RAG ou base + RAG non mesurée
D1,50,20,50,0.4000,0.2761,0.5382,24,50,0.4800,0.3480,0.6149,35,50,0.7000,0.5625,0.8090,40,50,0.8000,0.6696,0.8876,30,50,0.6000,0.4618,0.7239,36,50,0.7200,0.5833,0.8253,victoire,gain sur base + RAG et frontière atteinte
D2,0,,,,,,,,,,,,,,,,,,,,,,,,,,,,,,,non mesuré,LoRA + RAG ou base + RAG non mesurée
F1,50,10,50,0.2000,0.1124,0.3304,12,50,0.2400,0.1430,0.3741,30,50,0.6000,0.4618,0.7239,33,50,0.6600,0.5215,0.7756,40,50,0.8000,0.6696,0.8876,42,50,0.8400,0.7149,0.9166,égalité,"gain sur base + RAG, mais sous la frontière"
F2,0,,,,,,,,,,,,,,,,,,,,,,,,,,,,,,,non mesuré,LoRA + RAG ou base + RAG non mesurée
E,50,5,50,0.1000,0.0435,0.2136,6,50,0.1200,0.0562,0.2380,9,50,0.1800,0.0977,0.3080,10,50,0.2000,0.1124,0.3304,,,,,,,,,,,égalité,intervalles qui se chevauchent : pas de gain au-delà de l'intervalle
