tache_id,competence,essai,ok,etape,longueur,duree_s,session
d1_001_identifiant_inconnu,D1,0,False,run_tests,76,5.13,d1_001_identifiant_inconnu/essai_0.jsonl
d1_001_identifiant_inconnu,D1,1,True,run_tests,76,5.262,d1_001_identifiant_inconnu/essai_1.jsonl
d1_001_identifiant_inconnu,D1,2,True,run_tests,76,5.253,d1_001_identifiant_inconnu/essai_2.jsonl
d1_002_cible_nulle,D1,0,True,run_tests,80,5.42,d1_002_cible_nulle/essai_0.jsonl
d1_002_cible_nulle,D1,1,True,run_tests,80,5.238,d1_002_cible_nulle/essai_1.jsonl
d1_002_cible_nulle,D1,2,True,run_tests,80,5.258,d1_002_cible_nulle/essai_2.jsonl
f1_reference_hero_speed120p0_dash_speed860p0_dash_duration0p06_dash_cooldown1p25,F1,0,True,run_tests,83,8.435,f1_reference_hero_speed120p0_dash_speed860p0_dash_duration0p06_dash_cooldown1p25/essai_0.jsonl
f1_reference_hero_speed120p0_dash_speed860p0_dash_duration0p06_dash_cooldown1p25,F1,1,True,run_tests,83,8.258,f1_reference_hero_speed120p0_dash_speed860p0_dash_duration0p06_dash_cooldown1p25/essai_1.jsonl
f1_reference_hero_speed120p0_dash_speed860p0_dash_duration0p06_dash_cooldown1p25,F1,2,True,run_tests,83,8.106,f1_reference_hero_speed120p0_dash_speed860p0_dash_duration0p06_dash_cooldown1p25/essai_2.jsonl
f1_reference_hero_speed220p0_dash_speed620p0_dash_duration0p3_dash_cooldown0p85,F1,0,False,run_tests,82,8.348,f1_reference_hero_speed220p0_dash_speed620p0_dash_duration0p3_dash_cooldown0p85/essai_0.jsonl
f1_reference_hero_speed220p0_dash_speed620p0_dash_duration0p3_dash_cooldown0p85,F1,1,False,run_tests,82,7.918,f1_reference_hero_speed220p0_dash_speed620p0_dash_duration0p3_dash_cooldown0p85/essai_1.jsonl
f1_reference_hero_speed220p0_dash_speed620p0_dash_duration0p3_dash_cooldown0p85,F1,2,False,run_tests,82,7.838,f1_reference_hero_speed220p0_dash_speed620p0_dash_duration0p3_dash_cooldown0p85/essai_2.jsonl
f1_reference_hero_speed250p0_dash_speed540p0_dash_duration0p21_dash_cooldown1p1,F1,0,False,run_tests,82,7.711,f1_reference_hero_speed250p0_dash_speed540p0_dash_duration0p21_dash_cooldown1p1/essai_0.jsonl
f1_reference_hero_speed250p0_dash_speed540p0_dash_duration0p21_dash_cooldown1p1,F1,1,False,run_tests,82,7.743,f1_reference_hero_speed250p0_dash_speed540p0_dash_duration0p21_dash_cooldown1p1/essai_1.jsonl
f1_reference_hero_speed250p0_dash_speed540p0_dash_duration0p21_dash_cooldown1p1,F1,2,False,run_tests,82,7.424,f1_reference_hero_speed250p0_dash_speed540p0_dash_duration0p21_dash_cooldown1p1/essai_2.jsonl
